D,L,N30_Ava,Cu_Ava,N30_Base,Cu_Base,UL,Q ,S_exp 
1,43.5,3.317241,105.408046,50,0,1,0,0
0.8,24,8.875,17.708333,0,50,1,675,0.69125
0.8,24,5.032258,20,0,40,1,1012.5,0.870417
1.2,70,18.214286,14.142857,50,0,2,7485.15,19.1613
1,34,6.741176,89.117647,50,0,2,3007.59,6.5523
1,34,6.903614,86.445783,50,0,2,5240.4,8.39142
1,33,20.878788,31.606061,50,0,1,1640.88,1.53695
1,49.5,15.879032,63.165323,0,200,2,4532.66,78.2278
1,15,14.986667,4.841667,40,0,1,1090.59,0.700461
0.8,24,5.032258,20,0,40,1,1350,1.274
1.08,40,5.1375,16.75,0,27.5,1,995.413,1.43089
1,33,20.878788,31.606061,50,0,1,2734.81,4.07882
1,35.5,28.4,36.676056,50,0,2,1510.49,5.54911
0.8,20,28.5,18.75,45,0,1,0,0
0.8,20,28.5,18.75,45,0,2,1505.88,8.50909
0.8,46.9,10.681818,27.97619,50,0,2,2247.09,2.40343
0.8,20,28.5,18.75,45,0,1,1995.29,3.9
1,33,20.878788,31.606061,50,0,2,3841.16,11.7635
0.8,28,40.607143,0,92,0,1,840.686,0.195305
1,35.5,13.321127,80.430986,50,0,2,757.143,3.73094
1,41,15.731707,50.243902,43,0,1,4236.59,3.94118
1,34,6.903614,86.445783,50,0,2,0,4.74531
1.2,57,22.280702,43.026316,50,0,2,9925.56,25.283
1,34,6.903614,86.445783,50,0,1,3738.26,3.51206
1,43,14.813953,37.093023,35,0,1,4682.2,6.50888
1,46.5,12.365591,7.419355,50,0,2,7500,73.2249
1,35.5,13.321127,80.430986,50,0,2,0,2.47534
1.2,43.6,14.862385,41.559633,0,20,1,7247.19,6.5678
0.8,20,28.5,18.75,45,0,1,4000,12.2909
1,42,17.064286,54.380952,50,0,2,0,0.866359
0.8,25,27.24,0,50,0,2,1692.31,3.28676
1,18,27.444444,5.555556,50,0,1,4403.79,6.49761
0.8,25,27.24,0,50,0,1,2125,1.63235
1,34,6.741176,89.117647,50,0,2,4496.2,7.56904
0.8,24,6.258065,23.870968,0,50,1,675,0.4325
1,49.5,15.879032,63.165323,0,200,2,5968.47,79.3673
0.8,24,5.032258,20,0,40,2,675,1.6475
1,32.5,17.573846,37.615385,50,0,1,1641.94,1.18713
1.2,57,10.015789,55.842105,50,0,2,0,84.5
0.8,24,5.032258,20,0,40,1,337.5,0.225417
1.2,38,9.210526,25,50,0,1,0,0
1.2,57,10.015789,55.842105,50,0,2,14986.7,90.5
1,33,20.878788,31.606061,50,0,2,1093.92,8.03941
1,18,27.444444,5.555556,50,0,2,2750.68,6.09569
1.08,16.6,34.036145,7.831325,50,0,1,5464.82,53.0213
1.08,25.5,27.176471,64.705882,50,0,2,877.027,1.25442
1.2,43.6,14.862385,41.559633,0,20,2,10146.1,43.2203
0.8,24,9.975,55.28125,42,0,1,0,0
1,33,20.878788,31.606061,50,0,2,0,6.2069
1,43,14.813953,37.093023,35,0,1,10911,65.4142
0.8,46.9,10.681818,27.97619,50,0,2,0,0.030043
1.08,16.6,34.036145,7.831325,50,0,2,3655.78,106.638
0.8,24,5.032258,20,0,40,2,337.5,1.20875
0.8,28,40.607143,0,92,0,2,0,0.500469
0.8,28,40.607143,0,92,0,1,0,0
1,35.5,28.4,36.676056,50,0,1,1496.5,1.32589
0.8,24,5.741935,23.870968,0,50,1,1012.5,0.8525
0.8,24,6.258065,23.870968,0,50,1,1012.5,0.772083
1.08,25.5,27.176471,64.705882,50,0,1,877.027,0.278761
1,46.5,12.365591,7.419355,50,0,1,1863.06,1.33136
1,35.5,13.321127,80.430986,50,0,1,742.857,0.215247
0.8,25,27.24,0,50,0,1,1259.62,0.904412
1.2,43.6,14.862385,41.559633,0,20,2,0,40.0424
1.08,16.6,34.036145,7.831325,50,0,1,6369.35,72.0851
1,34,6.741176,89.117647,50,0,1,1488.61,0.790795
1.08,16.6,34.036145,7.831325,50,0,1,2713.57,9.53191
1,43.5,3.317241,105.408046,50,0,2,4500.67,63.5655
1.2,70,18.214286,14.142857,50,0,1,7514.85,12.4424
1.08,40,5.1375,16.75,0,27.5,2,495.413,2.91057
1,49.5,15.879032,63.165323,0,200,1,10501.1,58.8608
1,34,13.5,110.544118,45,0,2,1500,5.79439
1.2,57,22.280702,43.026316,50,0,1,5012.41,3.77358
1.08,22,23.295455,74.25,50,0,1,7194.57,11.8957
1,41,15.731707,50.243902,43,0,2,6365.85,10.5294
1.2,70,18.214286,14.142857,50,0,1,4485.15,5.10138
1,38,26.631579,49.539474,50,0,2,1500,4.07071
0.8,24,5.741935,23.870968,0,50,2,675,2.2625
0.8,28,40.607143,0,92,0,1,2968.14,1.90423
1,15,14.986667,4.841667,40,0,1,0,0
0.8,24,8.875,17.708333,0,50,2,0,1.374375
1,41,15.731707,50.243902,43,0,1,0,0
1.2,70,18.214286,14.142857,50,0,2,1514.85,7.83871
1,43.5,3.317241,105.408046,50,0,1,3009.32,4.09471
1,35.5,28.4,36.676056,50,0,2,0,4.22321
1.2,43.6,14.862385,41.559633,0,20,2,5764.04,44.7034
1,18,27.444444,5.555556,50,0,2,3848.24,6.39713
1,34,6.903614,86.445783,50,0,1,5248.93,5.95174
1.2,43.5,3.241379,106.074713,50,0,1,8719.81,11.8143
1.2,43.5,9.195402,51.270115,0,150,1,0,0
0.8,24,6.258065,23.870968,0,50,2,675,2.205
0.8,24,5.483871,20,0,40,2,1350,2.58
1,35.5,13.321127,80.430986,50,0,1,2257.14,1.3991
0.8,24,6.258065,23.870968,0,50,2,337.5,1.785
0.8,28,40.607143,0,92,0,1,2539.22,1.4892
1,34,13.5,110.544118,45,0,1,6000,9.39252
1,33,20.878788,31.606061,50,0,1,534.53,0.35468
0.8,24,5.032258,20,0,40,1,2025,2.4625
1,15,14.986667,4.841667,40,0,1,1641.18,1.21659
1,35.5,28.4,36.676056,50,0,2,3734.27,7.80804
0.8,46.9,10.681818,27.97619,50,0,1,1874.13,1.27682
1,43,14.813953,37.093023,35,0,1,9364.41,39.3787
1,34,6.741176,89.117647,50,0,1,3736.71,3.20084
1,32.5,17.573846,37.615385,50,0,2,0,1.88772
0.8,35,10.228571,8.071429,50,0,1,0,0
0.8,35,10.228571,8.071429,50,0,1,2704.13,0.96729
1,41,15.731707,50.243902,43,0,1,5290.24,5
0.8,20,28.5,18.75,45,0,1,1007.06,1.59545
1.2,43.5,3.241379,106.074713,50,0,2,6231.88,81.4346
1,15,14.986667,4.841667,40,0,2,1101.18,5.19816
1,34,6.903614,86.445783,50,0,2,1485.06,5.71046
1,49.5,15.879032,63.165323,0,200,2,10529.3,85.8228
1,43.5,3.317241,105.408046,50,0,2,5992.01,64.9304
1.2,43.5,9.195402,51.270115,0,150,1,4986.6,3.43636
1.2,43.5,9.195402,51.270115,0,150,2,9008.04,16.9364
0.8,16.6,23.795181,19.879518,50,0,1,0,0
1,15,14.986667,4.841667,40,0,2,3864.71,7.00461
1,35.5,28.4,36.676056,50,0,1,3734.27,4.46875
1.2,43.5,3.241379,106.074713,50,0,1,1256.04,1.26582
1.2,57,10.015789,55.842105,50,0,1,17493.3,66.5
1,32,15.4375,56.265625,50,0,2,2745.36,2.9916
1.08,40,5.1375,16.75,0,27.5,1,747.706,1.02439
1.2,43.6,14.862385,41.559633,0,20,1,5764.04,4.44915
0.8,25,27.24,0,50,0,1,0,0
0.8,24,8.875,17.708333,0,50,1,0,0
1,18,27.444444,5.555556,50,0,2,3306.23,6.26316
1,34,13.5,110.544118,45,0,2,3000,7.61682
1.2,70,18.214286,14.142857,50,0,2,2970.3,11.1982
1,42,17.064286,54.380952,50,0,1,0,0
1.2,43.5,9.195402,51.270115,0,150,1,1983.91,1.14545
1,34,13.5,110.544118,45,0,1,2233.33,1.7757
1.08,40,5.1375,16.75,0,27.5,2,1000,3.26829
1.08,40,5.1875,11.875,0,31,2,290,0.623009
0.8,16.6,23.795181,19.879518,50,0,2,2000,21.6068
1.2,43.6,14.862385,41.559633,0,20,2,4348.31,44.2797
1.2,57,22.280702,43.026316,50,0,1,2431.76,1.88679
1.2,43.6,14.862385,41.559633,0,20,1,10146.1,11.6525
1,35.5,28.4,36.676056,50,0,1,0,0
0.8,24,9.975,55.28125,42,0,1,3191.93,5.57944
0.8,24,5.741935,23.870968,0,50,1,675,0.505417
1.2,57,10.015789,55.842105,50,0,2,12533.3,89
1,34,6.741176,89.117647,50,0,1,2232.91,1.43096
1,34,6.741176,89.117647,50,0,1,729.114,0.338912
1,32,15.4375,56.265625,50,0,2,0,1.31092
1.08,22,23.295455,74.25,50,0,2,4479.64,10.9043
1,46.5,12.365591,7.419355,50,0,2,0,65.7692
1,43.5,3.317241,105.408046,50,0,1,1491.34,2.92479
0.8,24,5.483871,20,0,40,2,675,1.91875
0.8,16.6,23.795181,19.879518,50,0,1,994.709,2.59829
1,33,20.878788,31.606061,50,0,1,0,0
0.8,28,40.607143,0,92,0,1,1689.95,0.793427
1,33,20.878788,31.606061,50,0,2,2187.85,9.10345
1,49.5,15.879032,63.165323,0,200,1,5996.62,13.6709
1,35.5,28.4,36.676056,50,0,2,5230.77,9.47768
1,32,15.4375,56.265625,50,0,1,549.072,0.302521
1,32,15.4375,56.265625,50,0,2,1098.14,1.71429
0.8,24,5.483871,20,0,40,1,675,0.610833
1.2,43.5,3.241379,106.074713,50,0,1,0,0
1.08,22,23.295455,74.25,50,0,1,3580.32,1.77391
0.8,25,27.24,0,50,0,2,2548.08,3.79412
1.08,16.6,34.036145,7.831325,50,0,1,904.523,1.78723
1.08,40,5.1375,16.75,0,27.5,1,2000,3.69106
1,41,15.731707,50.243902,43,0,2,0,5.70588
1,42,17.064286,54.380952,50,0,2,535.194,1.32719
1.2,43.5,3.241379,106.074713,50,0,2,2512.08,76.7932
1.08,40,5.1375,16.75,0,27.5,1,0,0
1,34,6.741176,89.117647,50,0,1,5240.51,6.13808
0.8,35,10.228571,8.071429,50,0,2,0,0.336449
1,33,20.878788,31.606061,50,0,1,2175.41,2.60099
1.08,22,23.295455,74.25,50,0,2,0,7.77391
1,15,14.986667,4.841667,40,0,2,540,4.09217
1,35.5,13.321127,80.430986,50,0,1,3757.14,2.9417
1,34,6.903614,86.445783,50,0,1,4497.87,4.31635
1,34,13.5,110.544118,45,0,1,4500,4.90654
1,35.5,28.4,36.676056,50,0,2,2993.01,7.02232
1,35.5,13.321127,80.430986,50,0,2,1485.71,4.6278
1.08,40,5.1375,16.75,0,27.5,1,1252.29,1.70732
1,34,6.903614,86.445783,50,0,2,3755.33,7.80161
1,46.5,12.365591,7.419355,50,0,2,5589.17,71.6272
1,15,14.986667,4.841667,40,0,2,3292.94,6.85714
1,32.5,17.573846,37.615385,50,0,2,2190.66,4.57335
0.8,24,9.975,55.28125,42,0,1,1198.04,1.42991
1.2,38,9.210526,25,50,0,1,6043.72,56.1878
1,43.5,3.317241,105.408046,50,0,2,2982.69,62.2006
0.8,25,27.24,0,50,0,2,2971.15,3.99265
1,42,17.064286,54.380952,50,0,1,3309.47,2.47005
1,34,6.903614,86.445783,50,0,2,3012.8,7.37265
1,42,17.064286,54.380952,50,0,1,1081.31,0.645161
1.08,25.5,27.176471,64.705882,50,0,2,3493.24,2.49336
0.8,25,27.24,0,50,0,1,2961.54,2.84559
0.8,28,40.607143,0,92,0,2,2127.45,2.00188
1,34,6.903614,86.445783,50,0,2,759.602,5.36193
1,38,26.631579,49.539474,50,0,1,0,0
1,34,6.741176,89.117647,50,0,1,4481.01,4.1046
1,15,14.986667,4.841667,40,0,1,2191.76,1.88018
1.08,25.5,27.176471,64.705882,50,0,1,3493.24,1.99779
1.08,40,5.1375,16.75,0,27.5,2,0,2.14634
1,42,17.064286,54.380952,50,0,1,2741.5,2.15668
0.8,24,5.741935,23.870968,0,50,1,2025,3.070441
1,34,13.5,110.544118,45,0,1,5233.33,6.63551
0.8,28,40.607143,0,92,0,2,1269.61,1.50141
1.2,43.5,9.195402,51.270115,0,150,2,7989.28,16.4455
1,34,6.741176,89.117647,50,0,2,1503.8,5.72385
0.8,24,5.483871,20,0,40,1,0,0
1,15,14.986667,4.841667,40,0,1,3832.94,4.46083
1,32,15.4375,56.265625,50,0,2,2196.29,2.18487
1.08,22,23.295455,74.25,50,0,2,1798.64,9.44348
1,34,6.903614,86.445783,50,0,2,4506.4,8.0429
1.2,57,10.015789,55.842105,50,0,2,2506.67,85
0.8,16.6,23.795181,19.879518,50,0,1,4000,30.7692
1.2,57,22.280702,43.026316,50,0,2,0,18.1132
1,18,27.444444,5.555556,50,0,1,3292.68,3.85167
1.2,57,22.280702,43.026316,50,0,1,17518.6,25.4717
0.8,35,10.228571,8.071429,50,0,1,1341.74,0.345794
1,18,27.444444,5.555556,50,0,1,1097.56,0.602871
0.8,24,9.975,55.28125,42,0,2,0,1.96262
1,18,27.444444,5.555556,50,0,1,542.005,0.23445
0.8,46.9,10.681818,27.97619,50,0,1,2247.09,1.57725
1,32,15.4375,56.265625,50,0,1,3294.43,2.42017
0.8,20,28.5,18.75,45,0,1,3501.18,7.20909
1.08,40,5.1375,16.75,0,27.5,1,1500,1.98374
0.8,16.6,23.795181,19.879518,50,0,2,3492.06,28.5812
0.8,24,9.975,55.28125,42,0,2,1591.69,4.57009
1,34,6.741176,89.117647,50,0,1,6000,8.84937
1.2,70,18.214286,14.142857,50,0,1,3000,2.86175
0.8,20,28.5,18.75,45,0,2,1007.06,6.97273
1.08,25.5,27.176471,64.705882,50,0,2,0,0.634956
0.8,25,27.24,0,50,0,1,1701.92,1.25735
1,34,13.5,110.544118,45,0,2,3733.33,8.41121
1.2,57,10.015789,55.842105,50,0,1,20000,95
1,43.5,3.317241,105.408046,50,0,2,1491.34,61.0306
1,35.5,13.321127,80.430986,50,0,1,0,0
1.08,25.5,27.176471,64.705882,50,0,1,1739.19,0.665929
0.8,24,6.258065,23.870968,0,50,2,1687.5,3.17875
1.2,43.6,14.862385,41.559633,0,20,1,14460.7,40.4661
0.8,28,40.607143,0,92,0,1,1269.61,0.500469
0.8,24,5.741935,23.870968,0,50,1,1687.5,2.0815
1.08,22,23.295455,74.25,50,0,2,5395.93,11.3217
0.8,16.6,23.795181,19.879518,50,0,2,2486.77,22.9744
0.8,24,8.875,17.708333,0,50,1,1012.5,1.195833
1,18,27.444444,5.555556,50,0,2,1097.56,4.78947
1.08,40,5.1375,16.75,0,27.5,2,1747.71,3.69106
1,32,15.4375,56.265625,50,0,1,2733.42,1.84874
0.8,35,10.228571,8.071429,50,0,1,447.248,0.107477
0.8,46.9,10.681818,27.97619,50,0,2,745.921,0.916309
1,42,17.064286,54.380952,50,0,1,2195.39,1.89862
0.8,16.6,23.795181,19.879518,50,0,1,3502.65,19.4188
0.8,35,10.228571,8.071429,50,0,2,447.248,0.457944
1,41,15.731707,50.243902,43,0,2,1075.61,6.41176
1,32.5,17.573846,37.615385,50,0,1,0,0
1.2,70,18.214286,14.142857,50,0,1,0,0
0.8,25,27.24,0,50,0,1,403.846,0.242647
0.8,16.6,23.795181,19.879518,50,0,1,2497.35,10.1197
0.8,24,5.483871,20,0,40,1,2025,2.867941
1.2,43.5,3.241379,106.074713,50,0,2,3768.12,78.903
0.8,16.6,23.795181,19.879518,50,0,2,1005.29,19.1453
1.08,25.5,27.176471,64.705882,50,0,1,2616.22,1.2854
1,49.5,15.879032,63.165323,0,200,2,8980.86,83.5443
0.8,24,5.032258,20,0,40,2,1687.5,2.57375
0.8,24,9.975,55.28125,42,0,2,393.643,3.02804
1,34,6.903614,86.445783,50,0,1,1493.6,1.0992
1.08,40,5.1875,11.875,0,31,1,1150,0.969912
1.2,57,10.015789,55.842105,50,0,2,4960,85.5
1,34,6.741176,89.117647,50,0,1,0,0
1.2,43.6,14.862385,41.559633,0,20,1,8696.63,8.68644
1,35.5,13.321127,80.430986,50,0,1,2985.71,2.29596
1,32.5,17.573846,37.615385,50,0,2,1094.13,3.42515
1,33,20.878788,31.606061,50,0,1,3281.77,5.55665
0.8,16.6,23.795181,19.879518,50,0,1,486.772,1.36752
0.8,46.9,10.681818,27.97619,50,0,2,3002.33,2.89914
1,34,6.903614,86.445783,50,0,1,6000,8.98123
1.2,38,9.210526,25,50,0,1,3986.45,6.1326
0.8,25,27.24,0,50,0,1,3403.85,4.14706
1,41,15.731707,50.243902,43,0,1,2129.27,1.82353
1,34,6.903614,86.445783,50,0,1,3004.27,2.76139
1,43,14.813953,37.093023,35,0,2,10932.2,91.4497
0.8,25,27.24,0,50,0,1,2548.08,2.27206
1,35.5,28.4,36.676056,50,0,2,741.259,4.8125
1,46.5,12.365591,7.419355,50,0,2,11250,78.0178
1,43.5,3.317241,105.408046,50,0,1,7496.67,25.1532
1,49.5,15.879032,63.165323,0,200,1,1520.27,3.79747
0.8,28,40.607143,0,92,0,1,420.343,0.048826
0.8,24,9.975,55.28125,42,0,2,1993.89,4.90654
1,35.5,13.321127,80.430986,50,0,2,5257.14,7.56951
0.8,16.6,23.795181,19.879518,50,0,2,486.772,17.9145
0.8,24,8.875,17.708333,0,50,1,1687.5,2.326
0.8,20,28.5,18.75,45,0,2,1995.29,9.75
1,32.5,17.573846,37.615385,50,0,1,3296.22,3.6003
1.2,43.6,14.862385,41.559633,0,20,2,2865.17,43.2203
1,49.5,15.879032,63.165323,0,200,2,2984.23,77.4684
1.2,43.5,9.195402,51.270115,0,150,2,2010.72,10.3909
1.2,43.5,3.241379,106.074713,50,0,1,10000,89.4515
1.2,70,18.214286,14.142857,50,0,1,9000,16.424
0.8,24,9.975,55.28125,42,0,1,795.844,0.813084
1,49.5,15.879032,63.165323,0,200,2,7488.74,81.2658
0.8,24,5.741935,23.870968,0,50,1,1350,1.3645
1,46.5,12.365591,7.419355,50,0,1,0,0
0.8,46.9,10.681818,27.97619,50,0,1,1118.88,0.600858
1.2,43.5,3.241379,106.074713,50,0,1,5000,7.173
1.2,57,22.280702,43.026316,50,0,2,5012.41,20.566
1.2,57,22.280702,43.026316,50,0,1,20000,34.9057
1.2,43.6,14.862385,41.559633,0,20,1,11561.8,14.4068
0.8,28,40.607143,0,92,0,1,3388.48,2.50235
1,32.5,17.573846,37.615385,50,0,2,535.676,2.82186
1.2,43.6,14.862385,41.559633,0,20,1,4348.31,3.17797
1,43,14.813953,37.093023,35,0,1,1546.61,0.976331
1,35.5,13.321127,80.430986,50,0,1,6000,7.56951
0.8,20,28.5,18.75,45,0,1,3002.35,6.08636
1,32,15.4375,56.265625,50,0,1,0,0
1.2,43.6,14.862385,41.559633,0,20,1,1415.73,1.27119
1.2,57,10.015789,55.842105,50,0,1,12480,33
0.8,28,40.607143,0,92,0,2,420.343,0.842254
1,34,13.5,110.544118,45,0,2,0,4.20561
0.8,24,8.875,17.708333,0,50,1,1350,1.65975
1.2,70,18.214286,14.142857,50,0,2,0,4.47926
1,42,17.064286,54.380952,50,0,1,1638.35,1.23502
1,35.5,13.321127,80.430986,50,0,1,1500,0.681614
1,32.5,17.573846,37.615385,50,0,1,1097,0.505988
0.8,35,10.228571,8.071429,50,0,1,887.615,0.196262
0.8,46.9,10.681818,27.97619,50,0,2,3375.29,2.97425
1,43,14.813953,37.093023,35,0,2,4703.39,74.8521
0.8,46.9,10.681818,27.97619,50,0,1,745.921,0.375536
1.08,40,5.1375,16.75,0,27.5,1,1743.12,2.42276
1.2,57,10.015789,55.842105,50,0,1,9973.33,15
1,35.5,13.321127,80.430986,50,0,2,3000,5.88341
1,32.5,17.573846,37.615385,50,0,2,3301.06,5.48802
1.2,57,22.280702,43.026316,50,0,1,0,0
1.2,43.5,9.195402,51.270115,0,150,2,0,8.1
0.8,24,5.032258,20,0,40,2,0,0.713125
1,34,13.5,110.544118,45,0,2,4500,8.8785
1,42,17.064286,54.380952,50,0,2,2741.5,2.52535
1.2,38,9.210526,25,50,0,1,800.493,0.662983
0.8,24,6.258065,23.870968,0,50,1,2025,3.007794
0.8,20,28.5,18.75,45,0,1,1505.88,2.48182
1,32,15.4375,56.265625,50,0,1,4392.57,3.71429
1.2,57,10.015789,55.842105,50,0,2,9973.33,87.5
1,15,14.986667,4.841667,40,0,2,1651.76,5.75115
1,35.5,28.4,36.676056,50,0,1,6000,10.2634
1.2,70,18.214286,14.142857,50,0,1,10485.1,19.7834
1.2,70,18.214286,14.142857,50,0,2,9000,20.9032
1.2,43.6,14.862385,41.559633,0,20,2,8696.63,44.2797
1.2,43.5,3.241379,106.074713,50,0,1,7487.92,9.2827
1,49.5,15.879032,63.165323,0,200,1,8980.86,44.4304
1.08,22,23.295455,74.25,50,0,1,1781.67,0.469565
1,34,13.5,110.544118,45,0,1,2983.33,2.66355
0.8,46.9,10.681818,27.97619,50,0,1,0,0
0.8,24,5.483871,20,0,40,2,337.5,1.56875
1,32,15.4375,56.265625,50,0,1,2196.29,1.29412
1.2,43.5,9.195402,51.270115,0,150,2,5013.4,14.1545
1,46.5,12.365591,7.419355,50,0,1,11250,18.1065
0.8,35,10.228571,8.071429,50,0,1,1795.87,0.495327
0.8,16.6,23.795181,19.879518,50,0,2,1502.65,20.5128
0.8,16.6,23.795181,19.879518,50,0,2,2994.71,26.2564
1,41,15.731707,50.243902,43,0,1,3182.93,2.58824
0.8,24,5.741935,23.870968,0,50,2,1687.5,3.33375
0.8,20,28.5,18.75,45,0,2,3002.35,11.05
1,38,26.631579,49.539474,50,0,2,3750,5.77778
1,35.5,13.321127,80.430986,50,0,1,4500,3.76682
1.08,25.5,27.176471,64.705882,50,0,1,0,0
1.2,43.5,3.241379,106.074713,50,0,2,1231.88,76.3713
1,15,14.986667,4.841667,40,0,1,4404.71,7.7788
1.08,16.6,34.036145,7.831325,50,0,2,6388.19,128.681
1,41,15.731707,50.243902,43,0,2,7441.46,12.7059
1,33,20.878788,31.606061,50,0,2,534.53,7.33005
0.8,28,40.607143,0,92,0,1,2118.87,1.19624
1,43,14.813953,37.093023,35,0,2,6250,77.4556
1,42,17.064286,54.380952,50,0,2,1649.27,2.23041
0.8,24,5.741935,23.870968,0,50,2,337.5,1.8575
1,15,14.986667,4.841667,40,0,1,2742.35,2.35945
1,49.5,15.879032,63.165323,0,200,1,11993.2,88.8608
1,43,14.813953,37.093023,35,0,1,3114.41,2.92899
1,35.5,13.321127,80.430986,50,0,1,5242.86,4.9148
